goal_id,goal_name,goal_type,target_value,target_unit,start_date,end_date,status,advisor_id,program_id
GOAL000001,NNM Growth Goal for ADV0001,NNM Growth,2577557.13,USD,2025-01-01 00:00:00,2025-12-31 00:00:00,Active,ADV0001,AGP2025
GOAL000002,New Households Goal for ADV0001,New Households,19,Count,2025-01-01 00:00:00,2025-12-31 00:00:00,Active,ADV0001,AGP2025
GOAL000003,Managed Revenue Goal for ADV0001,Managed Revenue,290713.59,USD,2025-01-01 00:00:00,2025-12-31 00:00:00,Active,ADV0001,AGP2025
GOAL000004,NNM Growth Goal for ADV0002,NNM Growth,2340662.23,USD,2025-01-01 00:00:00,2025-12-31 00:00:00,Active,ADV0002,AGP2025
GOAL000005,New Households Goal for ADV0002,New Households,29,Count,2025-01-01 00:00:00,2025-12-31 00:00:00,Active,ADV0002,AGP2025
GOAL000006,Managed Revenue Goal for ADV0002,Managed Revenue,730423.84,USD,2025-01-01 00:00:00,2025-12-31 00:00:00,Active,ADV0002,AGP2025
GOAL000007,NNM Growth Goal for ADV0003,NNM Growth,1376040.39,USD,2025-01-01 00:00:00,2025-12-31 00:00:00,Active,ADV0003,AGP2025
GOAL000008,New Households Goal for ADV0003,New Households,13,Count,2025-01-01 00:00:00,2025-12-31 00:00:00,Active,ADV0003,AGP2025
GOAL000009,Managed Revenue Goal for ADV0003,Managed Revenue,694270.98,USD,2025-01-01 00:00:00,2025-12-31 00:00:00,Active,ADV0003,AGP2025
GOAL000010,NNM Growth Goal for ADV0004,NNM Growth,3708118.96,USD,2025-01-01 00:00:00,2025-12-31 00:00:00,Active,ADV0004,AGP2025
GOAL000011,New Households Goal for ADV0004,New Households,26,Count,2025-01-01 00:00:00,2025-12-31 00:00:00,Active,ADV0004,AGP2025
GOAL000012,Managed Revenue Goal for ADV0004,Managed Revenue,789280.64,USD,2025-01-01 00:00:00,2025-12-31 00:00:00,Active,ADV0004,AGP2025
GOAL000013,NNM Growth Goal for ADV0005,NNM Growth,3873584.89,USD,2025-01-01 00:00:00,2025-12-31 00:00:00,Active,ADV0005,AGP2025
GOAL000014,New Households Goal for ADV0005,New Households,14,Count,2025-01-01 00:00:00,2025-12-31 00:00:00,Active,ADV0005,AGP2025
GOAL000015,Managed Revenue Goal for ADV0005,Managed Revenue,833194.06,USD,2025-01-01 00:00:00,2025-12-31 00:00:00,Active,ADV0005,AGP2025
GOAL000016,NNM Growth Goal for ADV0006,NNM Growth,3774027.07,USD,2025-01-01 00:00:00,2025-12-31 00:00:00,Active,ADV0006,AGP2025
GOAL000017,New Households Goal for ADV0006,New Households,24,Count,2025-01-01 00:00:00,2025-12-31 00:00:00,Active,ADV0006,AGP2025
GOAL000018,Managed Revenue Goal for ADV0006,Managed Revenue,874598.08,USD,2025-01-01 00:00:00,2025-12-31 00:00:00,Active,ADV0006,AGP2025
GOAL000019,NNM Growth Goal for ADV0007,NNM Growth,4622155.25,USD,2025-01-01 00:00:00,2025-12-31 00:00:00,Active,ADV0007,AGP2025
GOAL000020,New Households Goal for ADV0007,New Households,20,Count,2025-01-01 00:00:00,2025-12-31 00:00:00,Active,ADV0007,AGP2025
GOAL000021,Managed Revenue Goal for ADV0007,Managed Revenue,441837.81,USD,2025-01-01 00:00:00,2025-12-31 00:00:00,Active,ADV0007,AGP2025
GOAL000022,NNM Growth Goal for ADV0008,NNM Growth,1730874.5,USD,2025-01-01 00:00:00,2025-12-31 00:00:00,Active,ADV0008,AGP2025
GOAL000023,New Households Goal for ADV0008,New Households,14,Count,2025-01-01 00:00:00,2025-12-31 00:00:00,Active,ADV0008,AGP2025
GOAL000024,Managed Revenue Goal for ADV0008,Managed Revenue,765093.55,USD,2025-01-01 00:00:00,2025-12-31 00:00:00,Active,ADV0008,AGP2025
GOAL000025,NNM Growth Goal for ADV0009,NNM Growth,2360588.16,USD,2025-01-01 00:00:00,2025-12-31 00:00:00,Active,ADV0009,AGP2025
GOAL000026,New Households Goal for ADV0009,New Households,18,Count,2025-01-01 00:00:00,2025-12-31 00:00:00,Active,ADV0009,AGP2025
GOAL000027,Managed Revenue Goal for ADV0009,Managed Revenue,548871.89,USD,2025-01-01 00:00:00,2025-12-31 00:00:00,Active,ADV0009,AGP2025
GOAL000028,NNM Growth Goal for ADV0010,NNM Growth,1931460.25,USD,2025-01-01 00:00:00,2025-12-31 00:00:00,Active,ADV0010,AGP2025
GOAL000029,New Households Goal for ADV0010,New Households,29,Count,2025-01-01 00:00:00,2025-12-31 00:00:00,Active,ADV0010,AGP2025
GOAL000030,Managed Revenue Goal for ADV0010,Managed Revenue,757870.16,USD,2025-01-01 00:00:00,2025-12-31 00:00:00,Active,ADV0010,AGP2025
GOAL000031,NNM Growth Goal for ADV0011,NNM Growth,4441317.92,USD,2025-01-01 00:00:00,2025-12-31 00:00:00,Active,ADV0011,AGP2025
GOAL000032,New Households Goal for ADV0011,New Households,13,Count,2025-01-01 00:00:00,2025-12-31 00:00:00,Active,ADV0011,AGP2025
GOAL000033,Managed Revenue Goal for ADV0011,Managed Revenue,792613.88,USD,2025-01-01 00:00:00,2025-12-31 00:00:00,Active,ADV0011,AGP2025
GOAL000034,NNM Growth Goal for ADV0012,NNM Growth,4967807.77,USD,2025-01-01 00:00:00,2025-12-31 00:00:00,Active,ADV0012,AGP2025
GOAL000035,New Households Goal for ADV0012,New Households,20,Count,2025-01-01 00:00:00,2025-12-31 00:00:00,Active,ADV0012,AGP2025
GOAL000036,Managed Revenue Goal for ADV0012,Managed Revenue,441320.8,USD,2025-01-01 00:00:00,2025-12-31 00:00:00,Active,ADV0012,AGP2025
GOAL000037,NNM Growth Goal for ADV0013,NNM Growth,1051352.14,USD,2025-01-01 00:00:00,2025-12-31 00:00:00,Active,ADV0013,AGP2025
GOAL000038,New Households Goal for ADV0013,New Households,16,Count,2025-01-01 00:00:00,2025-12-31 00:00:00,Active,ADV0013,AGP2025
GOAL000039,Managed Revenue Goal for ADV0013,Managed Revenue,393271.09,USD,2025-01-01 00:00:00,2025-12-31 00:00:00,Active,ADV0013,AGP2025
GOAL000040,NNM Growth Goal for ADV0014,NNM Growth,1109206.24,USD,2025-01-01 00:00:00,2025-12-31 00:00:00,Active,ADV0014,AGP2025
GOAL000041,New Households Goal for ADV0014,New Households,19,Count,2025-01-01 00:00:00,2025-12-31 00:00:00,Active,ADV0014,AGP2025
GOAL000042,Managed Revenue Goal for ADV0014,Managed Revenue,651562.5,USD,2025-01-01 00:00:00,2025-12-31 00:00:00,Active,ADV0014,AGP2025
GOAL000043,NNM Growth Goal for ADV0015,NNM Growth,4196112.05,USD,2025-01-01 00:00:00,2025-12-31 00:00:00,Active,ADV0015,AGP2025
GOAL000044,New Households Goal for ADV0015,New Households,29,Count,2025-01-01 00:00:00,2025-12-31 00:00:00,Active,ADV0015,AGP2025
GOAL000045,Managed Revenue Goal for ADV0015,Managed Revenue,486626.7,USD,2025-01-01 00:00:00,2025-12-31 00:00:00,Active,ADV0015,AGP2025
GOAL000046,NNM Growth Goal for ADV0016,NNM Growth,3981403.12,USD,2025-01-01 00:00:00,2025-12-31 00:00:00,Active,ADV0016,AGP2025
GOAL000047,New Households Goal for ADV0016,New Households,18,Count,2025-01-01 00:00:00,2025-12-31 00:00:00,Active,ADV0016,AGP2025
GOAL000048,Managed Revenue Goal for ADV0016,Managed Revenue,231039.08,USD,2025-01-01 00:00:00,2025-12-31 00:00:00,Active,ADV0016,AGP2025
GOAL000049,NNM Growth Goal for ADV0017,NNM Growth,2537816.33,USD,2025-01-01 00:00:00,2025-12-31 00:00:00,Active,ADV0017,AGP2025
GOAL000050,New Households Goal for ADV0017,New Households,12,Count,2025-01-01 00:00:00,2025-12-31 00:00:00,Active,ADV0017,AGP2025
GOAL000051,Managed Revenue Goal for ADV0017,Managed Revenue,488759.17,USD,2025-01-01 00:00:00,2025-12-31 00:00:00,Active,ADV0017,AGP2025
GOAL000052,NNM Growth Goal for ADV0018,NNM Growth,1062626.15,USD,2025-01-01 00:00:00,2025-12-31 00:00:00,Active,ADV0018,AGP2025
GOAL000053,New Households Goal for ADV0018,New Households,20,Count,2025-01-01 00:00:00,2025-12-31 00:00:00,Active,ADV0018,AGP2025
GOAL000054,Managed Revenue Goal for ADV0018,Managed Revenue,721850.94,USD,2025-01-01 00:00:00,2025-12-31 00:00:00,Active,ADV0018,AGP2025
GOAL000055,NNM Growth Goal for ADV0019,NNM Growth,2452387.7,USD,2025-01-01 00:00:00,2025-12-31 00:00:00,Active,ADV0019,AGP2025
GOAL000056,New Households Goal for ADV0019,New Households,15,Count,2025-01-01 00:00:00,2025-12-31 00:00:00,Active,ADV0019,AGP2025
GOAL000057,Managed Revenue Goal for ADV0019,Managed Revenue,353526.56,USD,2025-01-01 00:00:00,2025-12-31 00:00:00,Active,ADV0019,AGP2025
GOAL000058,NNM Growth Goal for ADV0020,NNM Growth,1708291.26,USD,2025-01-01 00:00:00,2025-12-31 00:00:00,Active,ADV0020,AGP2025
GOAL000059,New Households Goal for ADV0020,New Households,24,Count,2025-01-01 00:00:00,2025-12-31 00:00:00,Active,ADV0020,AGP2025
GOAL000060,Managed Revenue Goal for ADV0020,Managed Revenue,762988.17,USD,2025-01-01 00:00:00,2025-12-31 00:00:00,Active,ADV0020,AGP2025
GOAL000061,NNM Growth Goal for ADV0021,NNM Growth,2471140.38,USD,2025-01-01 00:00:00,2025-12-31 00:00:00,Active,ADV0021,AGP2025
GOAL000062,New Households Goal for ADV0021,New Households,22,Count,2025-01-01 00:00:00,2025-12-31 00:00:00,Active,ADV0021,AGP2025
GOAL000063,Managed Revenue Goal for ADV0021,Managed Revenue,759040.48,USD,2025-01-01 00:00:00,2025-12-31 00:00:00,Active,ADV0021,AGP2025
GOAL000064,NNM Growth Goal for ADV0022,NNM Growth,3888932.31,USD,2025-01-01 00:00:00,2025-12-31 00:00:00,Active,ADV0022,AGP2025
GOAL000065,New Households Goal for ADV0022,New Households,30,Count,2025-01-01 00:00:00,2025-12-31 00:00:00,Active,ADV0022,AGP2025
GOAL000066,Managed Revenue Goal for ADV0022,Managed Revenue,575195.42,USD,2025-01-01 00:00:00,2025-12-31 00:00:00,Active,ADV0022,AGP2025
GOAL000067,NNM Growth Goal for ADV0023,NNM Growth,2572290.81,USD,2025-01-01 00:00:00,2025-12-31 00:00:00,Active,ADV0023,AGP2025
GOAL000068,New Households Goal for ADV0023,New Households,24,Count,2025-01-01 00:00:00,2025-12-31 00:00:00,Active,ADV0023,AGP2025
GOAL000069,Managed Revenue Goal for ADV0023,Managed Revenue,399475.68,USD,2025-01-01 00:00:00,2025-12-31 00:00:00,Active,ADV0023,AGP2025
GOAL000070,NNM Growth Goal for ADV0024,NNM Growth,2869015.09,USD,2025-01-01 00:00:00,2025-12-31 00:00:00,Active,ADV0024,AGP2025
GOAL000071,New Households Goal for ADV0024,New Households,28,Count,2025-01-01 00:00:00,2025-12-31 00:00:00,Active,ADV0024,AGP2025
GOAL000072,Managed Revenue Goal for ADV0024,Managed Revenue,611409.74,USD,2025-01-01 00:00:00,2025-12-31 00:00:00,Active,ADV0024,AGP2025
GOAL000073,NNM Growth Goal for ADV0025,NNM Growth,4599945.9,USD,2025-01-01 00:00:00,2025-12-31 00:00:00,Active,ADV0025,AGP2025
GOAL000074,New Households Goal for ADV0025,New Households,26,Count,2025-01-01 00:00:00,2025-12-31 00:00:00,Active,ADV0025,AGP2025
GOAL000075,Managed Revenue Goal for ADV0025,Managed Revenue,844646.74,USD,2025-01-01 00:00:00,2025-12-31 00:00:00,Active,ADV0025,AGP2025
GOAL000076,NNM Growth Goal for ADV0026,NNM Growth,3293965.57,USD,2025-01-01 00:00:00,2025-12-31 00:00:00,Active,ADV0026,AGP2025
GOAL000077,New Households Goal for ADV0026,New Households,25,Count,2025-01-01 00:00:00,2025-12-31 00:00:00,Active,ADV0026,AGP2025
GOAL000078,Managed Revenue Goal for ADV0026,Managed Revenue,808380.17,USD,2025-01-01 00:00:00,2025-12-31 00:00:00,Active,ADV0026,AGP2025
GOAL000079,NNM Growth Goal for ADV0027,NNM Growth,1640693.7,USD,2025-01-01 00:00:00,2025-12-31 00:00:00,Active,ADV0027,AGP2025
GOAL000080,New Households Goal for ADV0027,New Households,13,Count,2025-01-01 00:00:00,2025-12-31 00:00:00,Active,ADV0027,AGP2025
GOAL000081,Managed Revenue Goal for ADV0027,Managed Revenue,843071.89,USD,2025-01-01 00:00:00,2025-12-31 00:00:00,Active,ADV0027,AGP2025
GOAL000082,NNM Growth Goal for ADV0028,NNM Growth,2013238.51,USD,2025-01-01 00:00:00,2025-12-31 00:00:00,Active,ADV0028,AGP2025
GOAL000083,New Households Goal for ADV0028,New Households,21,Count,2025-01-01 00:00:00,2025-12-31 00:00:00,Active,ADV0028,AGP2025
GOAL000084,Managed Revenue Goal for ADV0028,Managed Revenue,361071.77,USD,2025-01-01 00:00:00,2025-12-31 00:00:00,Active,ADV0028,AGP2025
GOAL000085,NNM Growth Goal for ADV0029,NNM Growth,1949432.86,USD,2025-01-01 00:00:00,2025-12-31 00:00:00,Active,ADV0029,AGP2025
GOAL000086,New Households Goal for ADV0029,New Households,15,Count,2025-01-01 00:00:00,2025-12-31 00:00:00,Active,ADV0029,AGP2025
GOAL000087,Managed Revenue Goal for ADV0029,Managed Revenue,245146.58,USD,2025-01-01 00:00:00,2025-12-31 00:00:00,Active,ADV0029,AGP2025
GOAL000088,NNM Growth Goal for ADV0030,NNM Growth,1118581.9,USD,2025-01-01 00:00:00,2025-12-31 00:00:00,Active,ADV0030,AGP2025
GOAL000089,New Households Goal for ADV0030,New Households,23,Count,2025-01-01 00:00:00,2025-12-31 00:00:00,Active,ADV0030,AGP2025
GOAL000090,Managed Revenue Goal for ADV0030,Managed Revenue,504536.14,USD,2025-01-01 00:00:00,2025-12-31 00:00:00,Active,ADV0030,AGP2025
GOAL000091,NNM Growth Goal for ADV0031,NNM Growth,3832609.24,USD,2025-01-01 00:00:00,2025-12-31 00:00:00,Active,ADV0031,AGP2025
GOAL000092,New Households Goal for ADV0031,New Households,25,Count,2025-01-01 00:00:00,2025-12-31 00:00:00,Active,ADV0031,AGP2025
GOAL000093,Managed Revenue Goal for ADV0031,Managed Revenue,227547.66,USD,2025-01-01 00:00:00,2025-12-31 00:00:00,Active,ADV0031,AGP2025
GOAL000094,NNM Growth Goal for ADV0032,NNM Growth,4609372.79,USD,2025-01-01 00:00:00,2025-12-31 00:00:00,Active,ADV0032,AGP2025
GOAL000095,New Households Goal for ADV0032,New Households,17,Count,2025-01-01 00:00:00,2025-12-31 00:00:00,Active,ADV0032,AGP2025
GOAL000096,Managed Revenue Goal for ADV0032,Managed Revenue,241715.98,USD,2025-01-01 00:00:00,2025-12-31 00:00:00,Active,ADV0032,AGP2025
GOAL000097,NNM Growth Goal for ADV0033,NNM Growth,2880878.3,USD,2025-01-01 00:00:00,2025-12-31 00:00:00,Active,ADV0033,AGP2025
GOAL000098,New Households Goal for ADV0033,New Households,28,Count,2025-01-01 00:00:00,2025-12-31 00:00:00,Active,ADV0033,AGP2025
GOAL000099,Managed Revenue Goal for ADV0033,Managed Revenue,599019.82,USD,2025-01-01 00:00:00,2025-12-31 00:00:00,Active,ADV0033,AGP2025
GOAL000100,NNM Growth Goal for ADV0034,NNM Growth,1234992.52,USD,2025-01-01 00:00:00,2025-12-31 00:00:00,Active,ADV0034,AGP2025
GOAL000101,New Households Goal for ADV0034,New Households,24,Count,2025-01-01 00:00:00,2025-12-31 00:00:00,Active,ADV0034,AGP2025
GOAL000102,Managed Revenue Goal for ADV0034,Managed Revenue,756105.74,USD,2025-01-01 00:00:00,2025-12-31 00:00:00,Active,ADV0034,AGP2025
GOAL000103,NNM Growth Goal for ADV0035,NNM Growth,1447704.34,USD,2025-01-01 00:00:00,2025-12-31 00:00:00,Active,ADV0035,AGP2025
GOAL000104,New Households Goal for ADV0035,New Households,12,Count,2025-01-01 00:00:00,2025-12-31 00:00:00,Active,ADV0035,AGP2025
GOAL000105,Managed Revenue Goal for ADV0035,Managed Revenue,743071.54,USD,2025-01-01 00:00:00,2025-12-31 00:00:00,Active,ADV0035,AGP2025
GOAL000106,NNM Growth Goal for ADV0036,NNM Growth,4896434.27,USD,2025-01-01 00:00:00,2025-12-31 00:00:00,Active,ADV0036,AGP2025
GOAL000107,New Households Goal for ADV0036,New Households,19,Count,2025-01-01 00:00:00,2025-12-31 00:00:00,Active,ADV0036,AGP2025
GOAL000108,Managed Revenue Goal for ADV0036,Managed Revenue,722758.52,USD,2025-01-01 00:00:00,2025-12-31 00:00:00,Active,ADV0036,AGP2025
GOAL000109,NNM Growth Goal for ADV0037,NNM Growth,3532098.31,USD,2025-01-01 00:00:00,2025-12-31 00:00:00,Active,ADV0037,AGP2025
GOAL000110,New Households Goal for ADV0037,New Households,22,Count,2025-01-01 00:00:00,2025-12-31 00:00:00,Active,ADV0037,AGP2025
GOAL000111,Managed Revenue Goal for ADV0037,Managed Revenue,706540.74,USD,2025-01-01 00:00:00,2025-12-31 00:00:00,Active,ADV0037,AGP2025
GOAL000112,NNM Growth Goal for ADV0038,NNM Growth,1465236.97,USD,2025-01-01 00:00:00,2025-12-31 00:00:00,Active,ADV0038,AGP2025
GOAL000113,New Households Goal for ADV0038,New Households,14,Count,2025-01-01 00:00:00,2025-12-31 00:00:00,Active,ADV0038,AGP2025
GOAL000114,Managed Revenue Goal for ADV0038,Managed Revenue,887551.3,USD,2025-01-01 00:00:00,2025-12-31 00:00:00,Active,ADV0038,AGP2025
GOAL000115,NNM Growth Goal for ADV0039,NNM Growth,2448252.88,USD,2025-01-01 00:00:00,2025-12-31 00:00:00,Active,ADV0039,AGP2025
GOAL000116,New Households Goal for ADV0039,New Households,24,Count,2025-01-01 00:00:00,2025-12-31 00:00:00,Active,ADV0039,AGP2025
GOAL000117,Managed Revenue Goal for ADV0039,Managed Revenue,735601.78,USD,2025-01-01 00:00:00,2025-12-31 00:00:00,Active,ADV0039,AGP2025
GOAL000118,NNM Growth Goal for ADV0040,NNM Growth,2250257.68,USD,2025-01-01 00:00:00,2025-12-31 00:00:00,Active,ADV0040,AGP2025
GOAL000119,New Households Goal for ADV0040,New Households,22,Count,2025-01-01 00:00:00,2025-12-31 00:00:00,Active,ADV0040,AGP2025
GOAL000120,Managed Revenue Goal for ADV0040,Managed Revenue,506526.26,USD,2025-01-01 00:00:00,2025-12-31 00:00:00,Active,ADV0040,AGP2025
GOAL000121,NNM Growth Goal for ADV0041,NNM Growth,1599916.64,USD,2025-01-01 00:00:00,2025-12-31 00:00:00,Active,ADV0041,AGP2025
GOAL000122,New Households Goal for ADV0041,New Households,18,Count,2025-01-01 00:00:00,2025-12-31 00:00:00,Active,ADV0041,AGP2025
GOAL000123,Managed Revenue Goal for ADV0041,Managed Revenue,349293.93,USD,2025-01-01 00:00:00,2025-12-31 00:00:00,Active,ADV0041,AGP2025
GOAL000124,NNM Growth Goal for ADV0042,NNM Growth,1527783.41,USD,2025-01-01 00:00:00,2025-12-31 00:00:00,Active,ADV0042,AGP2025
GOAL000125,New Households Goal for ADV0042,New Households,13,Count,2025-01-01 00:00:00,2025-12-31 00:00:00,Active,ADV0042,AGP2025
GOAL000126,Managed Revenue Goal for ADV0042,Managed Revenue,862496.21,USD,2025-01-01 00:00:00,2025-12-31 00:00:00,Active,ADV0042,AGP2025
GOAL000127,NNM Growth Goal for ADV0043,NNM Growth,3551862.91,USD,2025-01-01 00:00:00,2025-12-31 00:00:00,Active,ADV0043,AGP2025
GOAL000128,New Households Goal for ADV0043,New Households,25,Count,2025-01-01 00:00:00,2025-12-31 00:00:00,Active,ADV0043,AGP2025
GOAL000129,Managed Revenue Goal for ADV0043,Managed Revenue,298921.44,USD,2025-01-01 00:00:00,2025-12-31 00:00:00,Active,ADV0043,AGP2025
GOAL000130,NNM Growth Goal for ADV0044,NNM Growth,3874001.82,USD,2025-01-01 00:00:00,2025-12-31 00:00:00,Active,ADV0044,AGP2025
GOAL000131,New Households Goal for ADV0044,New Households,28,Count,2025-01-01 00:00:00,2025-12-31 00:00:00,Active,ADV0044,AGP2025
GOAL000132,Managed Revenue Goal for ADV0044,Managed Revenue,302231.19,USD,2025-01-01 00:00:00,2025-12-31 00:00:00,Active,ADV0044,AGP2025
GOAL000133,NNM Growth Goal for ADV0045,NNM Growth,1702748.98,USD,2025-01-01 00:00:00,2025-12-31 00:00:00,Active,ADV0045,AGP2025
GOAL000134,New Households Goal for ADV0045,New Households,16,Count,2025-01-01 00:00:00,2025-12-31 00:00:00,Active,ADV0045,AGP2025
GOAL000135,Managed Revenue Goal for ADV0045,Managed Revenue,711753.7,USD,2025-01-01 00:00:00,2025-12-31 00:00:00,Active,ADV0045,AGP2025
GOAL000136,NNM Growth Goal for ADV0046,NNM Growth,4335940.65,USD,2025-01-01 00:00:00,2025-12-31 00:00:00,Active,ADV0046,AGP2025
GOAL000137,New Households Goal for ADV0046,New Households,25,Count,2025-01-01 00:00:00,2025-12-31 00:00:00,Active,ADV0046,AGP2025
GOAL000138,Managed Revenue Goal for ADV0046,Managed Revenue,459076.21,USD,2025-01-01 00:00:00,2025-12-31 00:00:00,Active,ADV0046,AGP2025
GOAL000139,NNM Growth Goal for ADV0047,NNM Growth,2739823.91,USD,2025-01-01 00:00:00,2025-12-31 00:00:00,Active,ADV0047,AGP2025
GOAL000140,New Households Goal for ADV0047,New Households,26,Count,2025-01-01 00:00:00,2025-12-31 00:00:00,Active,ADV0047,AGP2025
GOAL000141,Managed Revenue Goal for ADV0047,Managed Revenue,773976.22,USD,2025-01-01 00:00:00,2025-12-31 00:00:00,Active,ADV0047,AGP2025
GOAL000142,NNM Growth Goal for ADV0048,NNM Growth,2081088.85,USD,2025-01-01 00:00:00,2025-12-31 00:00:00,Active,ADV0048,AGP2025
GOAL000143,New Households Goal for ADV0048,New Households,12,Count,2025-01-01 00:00:00,2025-12-31 00:00:00,Active,ADV0048,AGP2025
GOAL000144,Managed Revenue Goal for ADV0048,Managed Revenue,893593.98,USD,2025-01-01 00:00:00,2025-12-31 00:00:00,Active,ADV0048,AGP2025
GOAL000145,NNM Growth Goal for ADV0049,NNM Growth,1329922.5,USD,2025-01-01 00:00:00,2025-12-31 00:00:00,Active,ADV0049,AGP2025
GOAL000146,New Households Goal for ADV0049,New Households,29,Count,2025-01-01 00:00:00,2025-12-31 00:00:00,Active,ADV0049,AGP2025
GOAL000147,Managed Revenue Goal for ADV0049,Managed Revenue,586075.79,USD,2025-01-01 00:00:00,2025-12-31 00:00:00,Active,ADV0049,AGP2025
GOAL000148,NNM Growth Goal for ADV0050,NNM Growth,2457186.24,USD,2025-01-01 00:00:00,2025-12-31 00:00:00,Active,ADV0050,AGP2025
GOAL000149,New Households Goal for ADV0050,New Households,21,Count,2025-01-01 00:00:00,2025-12-31 00:00:00,Active,ADV0050,AGP2025
GOAL000150,Managed Revenue Goal for ADV0050,Managed Revenue,814020.34,USD,2025-01-01 00:00:00,2025-12-31 00:00:00,Active,ADV0050,AGP2025
GOAL000151,NNM Growth Goal for ADV0051,NNM Growth,2194480.35,USD,2025-01-01 00:00:00,2025-12-31 00:00:00,Active,ADV0051,AGP2025
GOAL000152,New Households Goal for ADV0051,New Households,27,Count,2025-01-01 00:00:00,2025-12-31 00:00:00,Active,ADV0051,AGP2025
GOAL000153,Managed Revenue Goal for ADV0051,Managed Revenue,495494.95,USD,2025-01-01 00:00:00,2025-12-31 00:00:00,Active,ADV0051,AGP2025
GOAL000154,NNM Growth Goal for ADV0052,NNM Growth,1241496.33,USD,2025-01-01 00:00:00,2025-12-31 00:00:00,Active,ADV0052,AGP2025
GOAL000155,New Households Goal for ADV0052,New Households,15,Count,2025-01-01 00:00:00,2025-12-31 00:00:00,Active,ADV0052,AGP2025
GOAL000156,Managed Revenue Goal for ADV0052,Managed Revenue,852174.77,USD,2025-01-01 00:00:00,2025-12-31 00:00:00,Active,ADV0052,AGP2025
GOAL000157,NNM Growth Goal for ADV0053,NNM Growth,2827671.58,USD,2025-01-01 00:00:00,2025-12-31 00:00:00,Active,ADV0053,AGP2025
GOAL000158,New Households Goal for ADV0053,New Households,13,Count,2025-01-01 00:00:00,2025-12-31 00:00:00,Active,ADV0053,AGP2025
GOAL000159,Managed Revenue Goal for ADV0053,Managed Revenue,253980.36,USD,2025-01-01 00:00:00,2025-12-31 00:00:00,Active,ADV0053,AGP2025
GOAL000160,NNM Growth Goal for ADV0054,NNM Growth,1147625.23,USD,2025-01-01 00:00:00,2025-12-31 00:00:00,Active,ADV0054,AGP2025
GOAL000161,New Households Goal for ADV0054,New Households,18,Count,2025-01-01 00:00:00,2025-12-31 00:00:00,Active,ADV0054,AGP2025
GOAL000162,Managed Revenue Goal for ADV0054,Managed Revenue,206232.3,USD,2025-01-01 00:00:00,2025-12-31 00:00:00,Active,ADV0054,AGP2025
GOAL000163,NNM Growth Goal for ADV0055,NNM Growth,4838767.31,USD,2025-01-01 00:00:00,2025-12-31 00:00:00,Active,ADV0055,AGP2025
GOAL000164,New Households Goal for ADV0055,New Households,23,Count,2025-01-01 00:00:00,2025-12-31 00:00:00,Active,ADV0055,AGP2025
GOAL000165,Managed Revenue Goal for ADV0055,Managed Revenue,694197.57,USD,2025-01-01 00:00:00,2025-12-31 00:00:00,Active,ADV0055,AGP2025
GOAL000166,NNM Growth Goal for ADV0056,NNM Growth,4048179.56,USD,2025-01-01 00:00:00,2025-12-31 00:00:00,Active,ADV0056,AGP2025
GOAL000167,New Households Goal for ADV0056,New Households,12,Count,2025-01-01 00:00:00,2025-12-31 00:00:00,Active,ADV0056,AGP2025
GOAL000168,Managed Revenue Goal for ADV0056,Managed Revenue,546315.52,USD,2025-01-01 00:00:00,2025-12-31 00:00:00,Active,ADV0056,AGP2025
GOAL000169,NNM Growth Goal for ADV0057,NNM Growth,4558360.11,USD,2025-01-01 00:00:00,2025-12-31 00:00:00,Active,ADV0057,AGP2025
GOAL000170,New Households Goal for ADV0057,New Households,22,Count,2025-01-01 00:00:00,2025-12-31 00:00:00,Active,ADV0057,AGP2025
GOAL000171,Managed Revenue Goal for ADV0057,Managed Revenue,549732.36,USD,2025-01-01 00:00:00,2025-12-31 00:00:00,Active,ADV0057,AGP2025
GOAL000172,NNM Growth Goal for ADV0058,NNM Growth,1033876.63,USD,2025-01-01 00:00:00,2025-12-31 00:00:00,Active,ADV0058,AGP2025
GOAL000173,New Households Goal for ADV0058,New Households,24,Count,2025-01-01 00:00:00,2025-12-31 00:00:00,Active,ADV0058,AGP2025
GOAL000174,Managed Revenue Goal for ADV0058,Managed Revenue,735394.7,USD,2025-01-01 00:00:00,2025-12-31 00:00:00,Active,ADV0058,AGP2025
GOAL000175,NNM Growth Goal for ADV0059,NNM Growth,2057905.69,USD,2025-01-01 00:00:00,2025-12-31 00:00:00,Active,ADV0059,AGP2025
GOAL000176,New Households Goal for ADV0059,New Households,15,Count,2025-01-01 00:00:00,2025-12-31 00:00:00,Active,ADV0059,AGP2025
GOAL000177,Managed Revenue Goal for ADV0059,Managed Revenue,539376.34,USD,2025-01-01 00:00:00,2025-12-31 00:00:00,Active,ADV0059,AGP2025
GOAL000178,NNM Growth Goal for ADV0060,NNM Growth,2631146.93,USD,2025-01-01 00:00:00,2025-12-31 00:00:00,Active,ADV0060,AGP2025
GOAL000179,New Households Goal for ADV0060,New Households,20,Count,2025-01-01 00:00:00,2025-12-31 00:00:00,Active,ADV0060,AGP2025
GOAL000180,Managed Revenue Goal for ADV0060,Managed Revenue,484140.53,USD,2025-01-01 00:00:00,2025-12-31 00:00:00,Active,ADV0060,AGP2025
GOAL000181,NNM Growth Goal for ADV0061,NNM Growth,2640159.75,USD,2025-01-01 00:00:00,2025-12-31 00:00:00,Active,ADV0061,AGP2025
GOAL000182,New Households Goal for ADV0061,New Households,27,Count,2025-01-01 00:00:00,2025-12-31 00:00:00,Active,ADV0061,AGP2025
GOAL000183,Managed Revenue Goal for ADV0061,Managed Revenue,705620.04,USD,2025-01-01 00:00:00,2025-12-31 00:00:00,Active,ADV0061,AGP2025
GOAL000184,NNM Growth Goal for ADV0062,NNM Growth,4852132.09,USD,2025-01-01 00:00:00,2025-12-31 00:00:00,Active,ADV0062,AGP2025
GOAL000185,New Households Goal for ADV0062,New Households,15,Count,2025-01-01 00:00:00,2025-12-31 00:00:00,Active,ADV0062,AGP2025
GOAL000186,Managed Revenue Goal for ADV0062,Managed Revenue,708405.65,USD,2025-01-01 00:00:00,2025-12-31 00:00:00,Active,ADV0062,AGP2025
GOAL000187,NNM Growth Goal for ADV0063,NNM Growth,2534354.04,USD,2025-01-01 00:00:00,2025-12-31 00:00:00,Active,ADV0063,AGP2025
GOAL000188,New Households Goal for ADV0063,New Households,13,Count,2025-01-01 00:00:00,2025-12-31 00:00:00,Active,ADV0063,AGP2025
GOAL000189,Managed Revenue Goal for ADV0063,Managed Revenue,739449.25,USD,2025-01-01 00:00:00,2025-12-31 00:00:00,Active,ADV0063,AGP2025
GOAL000190,NNM Growth Goal for ADV0064,NNM Growth,4402646.0,USD,2025-01-01 00:00:00,2025-12-31 00:00:00,Active,ADV0064,AGP2025
GOAL000191,New Households Goal for ADV0064,New Households,16,Count,2025-01-01 00:00:00,2025-12-31 00:00:00,Active,ADV0064,AGP2025
GOAL000192,Managed Revenue Goal for ADV0064,Managed Revenue,469054.74,USD,2025-01-01 00:00:00,2025-12-31 00:00:00,Active,ADV0064,AGP2025
GOAL000193,NNM Growth Goal for ADV0065,NNM Growth,2779376.76,USD,2025-01-01 00:00:00,2025-12-31 00:00:00,Active,ADV0065,AGP2025
GOAL000194,New Households Goal for ADV0065,New Households,29,Count,2025-01-01 00:00:00,2025-12-31 00:00:00,Active,ADV0065,AGP2025
GOAL000195,Managed Revenue Goal for ADV0065,Managed Revenue,379661.6,USD,2025-01-01 00:00:00,2025-12-31 00:00:00,Active,ADV0065,AGP2025
