user_id,user_name,persona,email,hierarchy_level,hierarchy_id,status
USR_DDW_01,DDW Manager 1,DDW,ddw1@demo.local,Division,DIV01,Active
USR_MDW_010101,MDW Manager 1-1-1,MDW,mdw111@demo.local,Market,MKT010101,Active
USR_MDW_010102,MDW Manager 1-1-2,MDW,mdw112@demo.local,Market,MKT010102,Active
USR_MDW_010201,MDW Manager 1-2-1,MDW,mdw121@demo.local,Market,MKT010201,Active
USR_MDW_010202,MDW Manager 1-2-2,MDW,mdw122@demo.local,Market,MKT010202,Active
USR_MDW_010301,MDW Manager 1-3-1,MDW,mdw131@demo.local,Market,MKT010301,Active
USR_MDW_010302,MDW Manager 1-3-2,MDW,mdw132@demo.local,Market,MKT010302,Active
USR_DDW_02,DDW Manager 2,DDW,ddw2@demo.local,Division,DIV02,Active
USR_MDW_020101,MDW Manager 2-1-1,MDW,mdw211@demo.local,Market,MKT020101,Active
USR_MDW_020102,MDW Manager 2-1-2,MDW,mdw212@demo.local,Market,MKT020102,Active
USR_MDW_020201,MDW Manager 2-2-1,MDW,mdw221@demo.local,Market,MKT020201,Active
USR_MDW_020202,MDW Manager 2-2-2,MDW,mdw222@demo.local,Market,MKT020202,Active
USR_MDW_020301,MDW Manager 2-3-1,MDW,mdw231@demo.local,Market,MKT020301,Active
USR_MDW_020302,MDW Manager 2-3-2,MDW,mdw232@demo.local,Market,MKT020302,Active
USR_DDW_03,DDW Manager 3,DDW,ddw3@demo.local,Division,DIV03,Active
USR_MDW_030101,MDW Manager 3-1-1,MDW,mdw311@demo.local,Market,MKT030101,Active
USR_MDW_030102,MDW Manager 3-1-2,MDW,mdw312@demo.local,Market,MKT030102,Active
USR_MDW_030201,MDW Manager 3-2-1,MDW,mdw321@demo.local,Market,MKT030201,Active
USR_MDW_030202,MDW Manager 3-2-2,MDW,mdw322@demo.local,Market,MKT030202,Active
USR_MDW_030301,MDW Manager 3-3-1,MDW,mdw331@demo.local,Market,MKT030301,Active
USR_MDW_030302,MDW Manager 3-3-2,MDW,mdw332@demo.local,Market,MKT030302,Active
USR_DDW_04,DDW Manager 4,DDW,ddw4@demo.local,Division,DIV04,Active
USR_MDW_040101,MDW Manager 4-1-1,MDW,mdw411@demo.local,Market,MKT040101,Active
USR_MDW_040102,MDW Manager 4-1-2,MDW,mdw412@demo.local,Market,MKT040102,Active
USR_MDW_040201,MDW Manager 4-2-1,MDW,mdw421@demo.local,Market,MKT040201,Active
USR_MDW_040202,MDW Manager 4-2-2,MDW,mdw422@demo.local,Market,MKT040202,Active
USR_MDW_040301,MDW Manager 4-3-1,MDW,mdw431@demo.local,Market,MKT040301,Active
USR_MDW_040302,MDW Manager 4-3-2,MDW,mdw432@demo.local,Market,MKT040302,Active
USR_FIRM_001,Firm Executive Demo,Firm,firm@demo.local,Firm,FIRM001,Active
USR_ADV0001,Priya Chen,Advisor,adv0001@demo.local,Advisor,ADV0001,Active
USR_ADV0002,Morgan Patel,Advisor,adv0002@demo.local,Advisor,ADV0002,Active
USR_ADV0003,David Kumar,Advisor,adv0003@demo.local,Advisor,ADV0003,Active
USR_ADV0004,Victor Jackson,Advisor,adv0004@demo.local,Advisor,ADV0004,Active
USR_ADV0005,Taylor Thompson,Advisor,adv0005@demo.local,Advisor,ADV0005,Active
USR_ADV0006,Emma Brown,Advisor,adv0006@demo.local,Advisor,ADV0006,Active
USR_ADV0007,Arjun Davis,Advisor,adv0007@demo.local,Advisor,ADV0007,Active
USR_ADV0008,Cameron Lee,Advisor,adv0008@demo.local,Advisor,ADV0008,Active
USR_ADV0009,Grace Taylor,Advisor,adv0009@demo.local,Advisor,ADV0009,Active
USR_ADV0010,Avery Clark,Advisor,adv0010@demo.local,Advisor,ADV0010,Active
USR_ADV0011,Liam Robinson,Advisor,adv0011@demo.local,Advisor,ADV0011,Active
USR_ADV0012,Riley Jackson,Advisor,adv0012@demo.local,Advisor,ADV0012,Active
USR_ADV0013,Arjun Anderson,Advisor,adv0013@demo.local,Advisor,ADV0013,Active
USR_ADV0014,Cameron Johnson,Advisor,adv0014@demo.local,Advisor,ADV0014,Active
USR_ADV0015,Priya Patel,Advisor,adv0015@demo.local,Advisor,ADV0015,Active
USR_ADV0016,Avery Robinson,Advisor,adv0016@demo.local,Advisor,ADV0016,Active
USR_ADV0017,Casey Wilson,Advisor,adv0017@demo.local,Advisor,ADV0017,Active
USR_ADV0018,Victor Singh,Advisor,adv0018@demo.local,Advisor,ADV0018,Active
USR_ADV0019,David Davis,Advisor,adv0019@demo.local,Advisor,ADV0019,Active
USR_ADV0020,Sophia Martin,Advisor,adv0020@demo.local,Advisor,ADV0020,Active
USR_ADV0021,Morgan Chen,Advisor,adv0021@demo.local,Advisor,ADV0021,Active
USR_ADV0022,Liam Patel,Advisor,adv0022@demo.local,Advisor,ADV0022,Active
USR_ADV0023,Sophia Wilson,Advisor,adv0023@demo.local,Advisor,ADV0023,Active
USR_ADV0024,Arjun Lee,Advisor,adv0024@demo.local,Advisor,ADV0024,Active
USR_ADV0025,Grace Anderson,Advisor,adv0025@demo.local,Advisor,ADV0025,Active
USR_ADV0026,Riley Jackson,Advisor,adv0026@demo.local,Advisor,ADV0026,Active
USR_ADV0027,Sophia Garcia,Advisor,adv0027@demo.local,Advisor,ADV0027,Active
USR_ADV0028,Grace Martinez,Advisor,adv0028@demo.local,Advisor,ADV0028,Active
USR_ADV0029,Casey Taylor,Advisor,adv0029@demo.local,Advisor,ADV0029,Active
USR_ADV0030,Liam Anderson,Advisor,adv0030@demo.local,Advisor,ADV0030,Active
USR_ADV0031,David Martinez,Advisor,adv0031@demo.local,Advisor,ADV0031,Active
USR_ADV0032,Emma Patel,Advisor,adv0032@demo.local,Advisor,ADV0032,Active
USR_ADV0033,Taylor Thompson,Advisor,adv0033@demo.local,Advisor,ADV0033,Active
USR_ADV0034,Arjun Martin,Advisor,adv0034@demo.local,Advisor,ADV0034,Active
USR_ADV0035,Priya White,Advisor,adv0035@demo.local,Advisor,ADV0035,Active
USR_ADV0036,Avery Thompson,Advisor,adv0036@demo.local,Advisor,ADV0036,Active
USR_ADV0037,Nina Martinez,Advisor,adv0037@demo.local,Advisor,ADV0037,Active
USR_ADV0038,Olivia White,Advisor,adv0038@demo.local,Advisor,ADV0038,Active
USR_ADV0039,Cameron Patel,Advisor,adv0039@demo.local,Advisor,ADV0039,Active
USR_ADV0040,Emma Davis,Advisor,adv0040@demo.local,Advisor,ADV0040,Active
USR_ADV0041,Cameron Patel,Advisor,adv0041@demo.local,Advisor,ADV0041,Active
USR_ADV0042,Taylor White,Advisor,adv0042@demo.local,Advisor,ADV0042,Active
USR_ADV0043,Avery Thompson,Advisor,adv0043@demo.local,Advisor,ADV0043,Active
USR_ADV0044,Cameron Martin,Advisor,adv0044@demo.local,Advisor,ADV0044,Active
USR_ADV0045,Morgan Lee,Advisor,adv0045@demo.local,Advisor,ADV0045,Active
USR_ADV0046,Ethan Moore,Advisor,adv0046@demo.local,Advisor,ADV0046,Active
USR_ADV0047,Arjun Robinson,Advisor,adv0047@demo.local,Advisor,ADV0047,Active
USR_ADV0048,Jordan Thomas,Advisor,adv0048@demo.local,Advisor,ADV0048,Active
USR_ADV0049,Cameron Brown,Advisor,adv0049@demo.local,Advisor,ADV0049,Active
USR_ADV0050,Casey Moore,Advisor,adv0050@demo.local,Advisor,ADV0050,Active
USR_ADV0051,Cameron Patel,Advisor,adv0051@demo.local,Advisor,ADV0051,Active
USR_ADV0052,Jordan Robinson,Advisor,adv0052@demo.local,Advisor,ADV0052,Active
USR_ADV0053,Taylor Davis,Advisor,adv0053@demo.local,Advisor,ADV0053,Active
USR_ADV0054,Daniel Brown,Advisor,adv0054@demo.local,Advisor,ADV0054,Active
USR_ADV0055,Riley Thomas,Advisor,adv0055@demo.local,Advisor,ADV0055,Active
USR_ADV0056,Priya Jackson,Advisor,adv0056@demo.local,Advisor,ADV0056,Active
USR_ADV0057,Casey Brown,Advisor,adv0057@demo.local,Advisor,ADV0057,Active
USR_ADV0058,Emma Thompson,Advisor,adv0058@demo.local,Advisor,ADV0058,Active
USR_ADV0059,Jordan Johnson,Advisor,adv0059@demo.local,Advisor,ADV0059,Active
USR_ADV0060,Jordan White,Advisor,adv0060@demo.local,Advisor,ADV0060,Active
USR_ADV0061,Taylor Kumar,Advisor,adv0061@demo.local,Advisor,ADV0061,Active
USR_ADV0062,Maya Lee,Advisor,adv0062@demo.local,Advisor,ADV0062,Active
USR_ADV0063,Emma Kumar,Advisor,adv0063@demo.local,Advisor,ADV0063,Active
USR_ADV0064,Ethan Clark,Advisor,adv0064@demo.local,Advisor,ADV0064,Active
USR_ADV0065,Priya Brown,Advisor,adv0065@demo.local,Advisor,ADV0065,Active
USR_ADV0066,Cameron Wilson,Advisor,adv0066@demo.local,Advisor,ADV0066,Active
USR_ADV0067,Olivia Anderson,Advisor,adv0067@demo.local,Advisor,ADV0067,Active
USR_ADV0068,Alex Jackson,Advisor,adv0068@demo.local,Advisor,ADV0068,Active
USR_ADV0069,Taylor Thompson,Advisor,adv0069@demo.local,Advisor,ADV0069,Active
USR_ADV0070,Casey Taylor,Advisor,adv0070@demo.local,Advisor,ADV0070,Active
USR_ADV0071,David Martinez,Advisor,adv0071@demo.local,Advisor,ADV0071,Active
USR_ADV0072,Liam Robinson,Advisor,adv0072@demo.local,Advisor,ADV0072,Active
USR_ADV0073,Arjun Lee,Advisor,adv0073@demo.local,Advisor,ADV0073,Active
USR_ADV0074,Priya Lee,Advisor,adv0074@demo.local,Advisor,ADV0074,Active
USR_ADV0075,Priya Martinez,Advisor,adv0075@demo.local,Advisor,ADV0075,Active
USR_ADV0076,Avery Clark,Advisor,adv0076@demo.local,Advisor,ADV0076,Active
USR_ADV0077,Sophia Martin,Advisor,adv0077@demo.local,Advisor,ADV0077,Active
USR_ADV0078,Taylor Robinson,Advisor,adv0078@demo.local,Advisor,ADV0078,Active
USR_ADV0079,Jordan Smith,Advisor,adv0079@demo.local,Advisor,ADV0079,Active
USR_ADV0080,Grace Wilson,Advisor,adv0080@demo.local,Advisor,ADV0080,Active
USR_ADV0081,Noah Moore,Advisor,adv0081@demo.local,Advisor,ADV0081,Active
USR_ADV0082,Taylor Chen,Advisor,adv0082@demo.local,Advisor,ADV0082,Active
USR_ADV0083,Emma Thompson,Advisor,adv0083@demo.local,Advisor,ADV0083,Active
USR_ADV0084,Jordan Martinez,Advisor,adv0084@demo.local,Advisor,ADV0084,Active
USR_ADV0085,David Brown,Advisor,adv0085@demo.local,Advisor,ADV0085,Active
USR_ADV0086,David Thompson,Advisor,adv0086@demo.local,Advisor,ADV0086,Active
USR_ADV0087,Liam Chen,Advisor,adv0087@demo.local,Advisor,ADV0087,Active
USR_ADV0088,Riley Garcia,Advisor,adv0088@demo.local,Advisor,ADV0088,Active
USR_ADV0089,Riley Anderson,Advisor,adv0089@demo.local,Advisor,ADV0089,Active
USR_ADV0090,Arjun Davis,Advisor,adv0090@demo.local,Advisor,ADV0090,Active
USR_ADV0091,Maya Johnson,Advisor,adv0091@demo.local,Advisor,ADV0091,Active
USR_ADV0092,Avery Jackson,Advisor,adv0092@demo.local,Advisor,ADV0092,Active
USR_ADV0093,Cameron Smith,Advisor,adv0093@demo.local,Advisor,ADV0093,Active
USR_ADV0094,Michael Wilson,Advisor,adv0094@demo.local,Advisor,ADV0094,Active
USR_ADV0095,David Robinson,Advisor,adv0095@demo.local,Advisor,ADV0095,Active
USR_ADV0096,Alex Lee,Advisor,adv0096@demo.local,Advisor,ADV0096,Active
USR_ADV0097,Riley Singh,Advisor,adv0097@demo.local,Advisor,ADV0097,Active
USR_ADV0098,Jordan Lee,Advisor,adv0098@demo.local,Advisor,ADV0098,Active
USR_ADV0099,Victor Anderson,Advisor,adv0099@demo.local,Advisor,ADV0099,Active
USR_ADV0100,Maya Singh,Advisor,adv0100@demo.local,Advisor,ADV0100,Active
USR_ADV0101,Nina Moore,Advisor,adv0101@demo.local,Advisor,ADV0101,Active
USR_ADV0102,David Moore,Advisor,adv0102@demo.local,Advisor,ADV0102,Active
USR_ADV0103,Liam Anderson,Advisor,adv0103@demo.local,Advisor,ADV0103,Active
USR_ADV0104,Victor Martinez,Advisor,adv0104@demo.local,Advisor,ADV0104,Active
USR_ADV0105,Michael Thomas,Advisor,adv0105@demo.local,Advisor,ADV0105,Active
USR_ADV0106,Avery Moore,Advisor,adv0106@demo.local,Advisor,ADV0106,Active
USR_ADV0107,Arjun Garcia,Advisor,adv0107@demo.local,Advisor,ADV0107,Active
USR_ADV0108,Maya Thompson,Advisor,adv0108@demo.local,Advisor,ADV0108,Active
USR_ADV0109,Sarah Brown,Advisor,adv0109@demo.local,Advisor,ADV0109,Active
USR_ADV0110,Olivia Jackson,Advisor,adv0110@demo.local,Advisor,ADV0110,Active
USR_ADV0111,Sophia Martin,Advisor,adv0111@demo.local,Advisor,ADV0111,Active
USR_ADV0112,Arjun Patel,Advisor,adv0112@demo.local,Advisor,ADV0112,Active
USR_ADV0113,Taylor Davis,Advisor,adv0113@demo.local,Advisor,ADV0113,Active
USR_ADV0114,Avery Chen,Advisor,adv0114@demo.local,Advisor,ADV0114,Active
USR_ADV0115,Daniel Kumar,Advisor,adv0115@demo.local,Advisor,ADV0115,Active
USR_ADV0116,Olivia Moore,Advisor,adv0116@demo.local,Advisor,ADV0116,Active
USR_ADV0117,Nina Thomas,Advisor,adv0117@demo.local,Advisor,ADV0117,Active
USR_ADV0118,Casey Robinson,Advisor,adv0118@demo.local,Advisor,ADV0118,Active
USR_ADV0119,Ethan Davis,Advisor,adv0119@demo.local,Advisor,ADV0119,Active
USR_ADV0120,Jordan Thompson,Advisor,adv0120@demo.local,Advisor,ADV0120,Active
USR_ADV0121,Olivia Chen,Advisor,adv0121@demo.local,Advisor,ADV0121,Active
USR_ADV0122,Olivia Kumar,Advisor,adv0122@demo.local,Advisor,ADV0122,Active
USR_ADV0123,Noah Jackson,Advisor,adv0123@demo.local,Advisor,ADV0123,Active
USR_ADV0124,Olivia Wilson,Advisor,adv0124@demo.local,Advisor,ADV0124,Active
USR_ADV0125,Sophia Martin,Advisor,adv0125@demo.local,Advisor,ADV0125,Active
USR_ADV0126,Olivia Patel,Advisor,adv0126@demo.local,Advisor,ADV0126,Active
USR_ADV0127,Priya Anderson,Advisor,adv0127@demo.local,Advisor,ADV0127,Active
USR_ADV0128,Casey Chen,Advisor,adv0128@demo.local,Advisor,ADV0128,Active
USR_ADV0129,Nina Brown,Advisor,adv0129@demo.local,Advisor,ADV0129,Active
USR_ADV0130,Michael Thompson,Advisor,adv0130@demo.local,Advisor,ADV0130,Active
USR_ADV0131,Avery Moore,Advisor,adv0131@demo.local,Advisor,ADV0131,Active
USR_ADV0132,Emma Thomas,Advisor,adv0132@demo.local,Advisor,ADV0132,Active
USR_ADV0133,Sarah Thomas,Advisor,adv0133@demo.local,Advisor,ADV0133,Active
USR_ADV0134,Noah Thompson,Advisor,adv0134@demo.local,Advisor,ADV0134,Active
USR_ADV0135,Daniel Davis,Advisor,adv0135@demo.local,Advisor,ADV0135,Active
USR_ADV0136,Alex Thomas,Advisor,adv0136@demo.local,Advisor,ADV0136,Active
USR_ADV0137,Victor Garcia,Advisor,adv0137@demo.local,Advisor,ADV0137,Active
USR_ADV0138,Liam Thompson,Advisor,adv0138@demo.local,Advisor,ADV0138,Active
USR_ADV0139,Emma Singh,Advisor,adv0139@demo.local,Advisor,ADV0139,Active
USR_ADV0140,Grace Moore,Advisor,adv0140@demo.local,Advisor,ADV0140,Active
USR_ADV0141,Riley Johnson,Advisor,adv0141@demo.local,Advisor,ADV0141,Active
USR_ADV0142,Avery Jackson,Advisor,adv0142@demo.local,Advisor,ADV0142,Active
USR_ADV0143,Priya Moore,Advisor,adv0143@demo.local,Advisor,ADV0143,Active
USR_ADV0144,Daniel Smith,Advisor,adv0144@demo.local,Advisor,ADV0144,Active
USR_ADV0145,David Davis,Advisor,adv0145@demo.local,Advisor,ADV0145,Active
USR_ADV0146,Alex Davis,Advisor,adv0146@demo.local,Advisor,ADV0146,Active
USR_ADV0147,Liam Chen,Advisor,adv0147@demo.local,Advisor,ADV0147,Active
USR_ADV0148,Arjun Lee,Advisor,adv0148@demo.local,Advisor,ADV0148,Active
USR_ADV0149,Olivia Wilson,Advisor,adv0149@demo.local,Advisor,ADV0149,Active
USR_ADV0150,Liam Kumar,Advisor,adv0150@demo.local,Advisor,ADV0150,Active
USR_ADV0151,Riley Martinez,Advisor,adv0151@demo.local,Advisor,ADV0151,Active
USR_ADV0152,Sarah Singh,Advisor,adv0152@demo.local,Advisor,ADV0152,Active
USR_ADV0153,Maya Brown,Advisor,adv0153@demo.local,Advisor,ADV0153,Active
USR_ADV0154,Morgan Martinez,Advisor,adv0154@demo.local,Advisor,ADV0154,Active
USR_ADV0155,Emma Johnson,Advisor,adv0155@demo.local,Advisor,ADV0155,Active
USR_ADV0156,Arjun Taylor,Advisor,adv0156@demo.local,Advisor,ADV0156,Active
USR_ADV0157,Alex Moore,Advisor,adv0157@demo.local,Advisor,ADV0157,Active
USR_ADV0158,Ethan Taylor,Advisor,adv0158@demo.local,Advisor,ADV0158,Active
USR_ADV0159,Nina Chen,Advisor,adv0159@demo.local,Advisor,ADV0159,Active
USR_ADV0160,Liam Thompson,Advisor,adv0160@demo.local,Advisor,ADV0160,Active
USR_ADV0161,Ethan Singh,Advisor,adv0161@demo.local,Advisor,ADV0161,Active
USR_ADV0162,Taylor Wilson,Advisor,adv0162@demo.local,Advisor,ADV0162,Active
USR_ADV0163,Olivia Singh,Advisor,adv0163@demo.local,Advisor,ADV0163,Active
USR_ADV0164,Michael Smith,Advisor,adv0164@demo.local,Advisor,ADV0164,Active
USR_ADV0165,Riley Martin,Advisor,adv0165@demo.local,Advisor,ADV0165,Active
USR_ADV0166,Michael Wilson,Advisor,adv0166@demo.local,Advisor,ADV0166,Active
USR_ADV0167,Noah Smith,Advisor,adv0167@demo.local,Advisor,ADV0167,Active
USR_ADV0168,Taylor Davis,Advisor,adv0168@demo.local,Advisor,ADV0168,Active
