feedback_id,feedback_action,feedback_reason,reward_score,created_ts,status,recommendation_id
FDBK00000001,completed,Advisor accepted recommendation.,0.8732,2025-12-31 00:00:00,Active,REC00000001
FDBK00000002,rejected,Completed with positive outcome.,-0.2399,2025-12-31 00:00:00,Active,REC00000003
FDBK00000003,rejected,Not suitable for client.,-0.2256,2025-12-31 00:00:00,Active,REC00000004
FDBK00000004,accepted,Completed with positive outcome.,0.7465,2025-12-31 00:00:00,Active,REC00000005
FDBK00000005,completed,Completed with positive outcome.,0.9299,2025-12-31 00:00:00,Active,REC00000008
FDBK00000006,accepted,Advisor accepted recommendation.,0.6857,2025-12-31 00:00:00,Active,REC00000010
FDBK00000007,accepted,Needs more client context.,0.7972,2025-12-31 00:00:00,Active,REC00000011
FDBK00000008,completed,Advisor accepted recommendation.,0.9895,2025-12-31 00:00:00,Active,REC00000012
FDBK00000009,accepted,Not suitable for client.,0.7907,2025-12-31 00:00:00,Active,REC00000014
FDBK00000010,rejected,Not suitable for client.,-0.2937,2025-12-31 00:00:00,Active,REC00000016
FDBK00000011,completed,Completed with positive outcome.,0.9076,2025-12-31 00:00:00,Active,REC00000017
FDBK00000012,accepted,Not suitable for client.,0.7389,2025-12-31 00:00:00,Active,REC00000018
FDBK00000013,accepted,Not suitable for client.,0.7096,2025-12-31 00:00:00,Active,REC00000019
FDBK00000014,completed,Completed with positive outcome.,1.0086,2025-12-31 00:00:00,Active,REC00000021
FDBK00000015,completed,Needs more client context.,0.9317,2025-12-31 00:00:00,Active,REC00000023
FDBK00000016,accepted,Advisor accepted recommendation.,0.6737,2025-12-31 00:00:00,Active,REC00000024
FDBK00000017,completed,Not suitable for client.,0.9143,2025-12-31 00:00:00,Active,REC00000025
FDBK00000018,accepted,Advisor accepted recommendation.,0.8018,2025-12-31 00:00:00,Active,REC00000026
FDBK00000019,completed,Needs more client context.,1.015,2025-12-31 00:00:00,Active,REC00000027
FDBK00000020,accepted,Needs more client context.,0.759,2025-12-31 00:00:00,Active,REC00000028
FDBK00000021,accepted,Advisor accepted recommendation.,0.825,2025-12-31 00:00:00,Active,REC00000029
FDBK00000022,completed,Needs more client context.,0.9706,2025-12-31 00:00:00,Active,REC00000031
FDBK00000023,rejected,Needs more client context.,-0.1864,2025-12-31 00:00:00,Active,REC00000037
FDBK00000024,accepted,Completed with positive outcome.,0.7738,2025-12-31 00:00:00,Active,REC00000040
FDBK00000025,rejected,Completed with positive outcome.,-0.1883,2025-12-31 00:00:00,Active,REC00000042
FDBK00000026,completed,Completed with positive outcome.,0.8964,2025-12-31 00:00:00,Active,REC00000043
FDBK00000027,rejected,Advisor accepted recommendation.,-0.2854,2025-12-31 00:00:00,Active,REC00000044
FDBK00000028,rejected,Completed with positive outcome.,-0.3174,2025-12-31 00:00:00,Active,REC00000046
FDBK00000029,accepted,Advisor accepted recommendation.,0.7117,2025-12-31 00:00:00,Active,REC00000049
FDBK00000030,rejected,Not suitable for client.,-0.1788,2025-12-31 00:00:00,Active,REC00000050
FDBK00000031,completed,Not suitable for client.,0.8909,2025-12-31 00:00:00,Active,REC00000051
FDBK00000032,completed,Advisor accepted recommendation.,1.0271,2025-12-31 00:00:00,Active,REC00000052
FDBK00000033,rejected,Not suitable for client.,-0.3245,2025-12-31 00:00:00,Active,REC00000053
FDBK00000034,accepted,Not suitable for client.,0.7785,2025-12-31 00:00:00,Active,REC00000055
FDBK00000035,completed,Advisor accepted recommendation.,0.9051,2025-12-31 00:00:00,Active,REC00000058
FDBK00000036,accepted,Completed with positive outcome.,0.7057,2025-12-31 00:00:00,Active,REC00000059
FDBK00000037,completed,Not suitable for client.,1.0165,2025-12-31 00:00:00,Active,REC00000060
FDBK00000038,accepted,Completed with positive outcome.,0.7794,2025-12-31 00:00:00,Active,REC00000061
FDBK00000039,rejected,Completed with positive outcome.,-0.3146,2025-12-31 00:00:00,Active,REC00000065
FDBK00000040,accepted,Not suitable for client.,0.7631,2025-12-31 00:00:00,Active,REC00000066
FDBK00000041,accepted,Advisor accepted recommendation.,0.8264,2025-12-31 00:00:00,Active,REC00000067
FDBK00000042,accepted,Completed with positive outcome.,0.7214,2025-12-31 00:00:00,Active,REC00000070
FDBK00000043,completed,Needs more client context.,0.8861,2025-12-31 00:00:00,Active,REC00000074
FDBK00000044,accepted,Needs more client context.,0.7148,2025-12-31 00:00:00,Active,REC00000076
FDBK00000045,completed,Not suitable for client.,0.9686,2025-12-31 00:00:00,Active,REC00000077
FDBK00000046,accepted,Needs more client context.,0.6735,2025-12-31 00:00:00,Active,REC00000078
FDBK00000047,rejected,Completed with positive outcome.,-0.289,2025-12-31 00:00:00,Active,REC00000079
FDBK00000048,rejected,Not suitable for client.,-0.1884,2025-12-31 00:00:00,Active,REC00000080
FDBK00000049,accepted,Needs more client context.,0.8263,2025-12-31 00:00:00,Active,REC00000081
FDBK00000050,accepted,Not suitable for client.,0.6805,2025-12-31 00:00:00,Active,REC00000082
FDBK00000051,completed,Advisor accepted recommendation.,0.9586,2025-12-31 00:00:00,Active,REC00000083
FDBK00000052,accepted,Advisor accepted recommendation.,0.7994,2025-12-31 00:00:00,Active,REC00000087
FDBK00000053,accepted,Completed with positive outcome.,0.7114,2025-12-31 00:00:00,Active,REC00000088
FDBK00000054,accepted,Needs more client context.,0.7486,2025-12-31 00:00:00,Active,REC00000089
FDBK00000055,rejected,Not suitable for client.,-0.3275,2025-12-31 00:00:00,Active,REC00000090
FDBK00000056,completed,Completed with positive outcome.,0.9961,2025-12-31 00:00:00,Active,REC00000091
FDBK00000057,rejected,Completed with positive outcome.,-0.2253,2025-12-31 00:00:00,Active,REC00000092
FDBK00000058,completed,Advisor accepted recommendation.,1.0203,2025-12-31 00:00:00,Active,REC00000093
FDBK00000059,accepted,Completed with positive outcome.,0.8228,2025-12-31 00:00:00,Active,REC00000094
FDBK00000060,accepted,Not suitable for client.,0.8056,2025-12-31 00:00:00,Active,REC00000095
FDBK00000061,rejected,Needs more client context.,-0.2811,2025-12-31 00:00:00,Active,REC00000096
FDBK00000062,completed,Not suitable for client.,0.9711,2025-12-31 00:00:00,Active,REC00000097
FDBK00000063,rejected,Needs more client context.,-0.2131,2025-12-31 00:00:00,Active,REC00000099
FDBK00000064,accepted,Not suitable for client.,0.719,2025-12-31 00:00:00,Active,REC00000101
FDBK00000065,accepted,Completed with positive outcome.,0.7491,2025-12-31 00:00:00,Active,REC00000103
FDBK00000066,accepted,Needs more client context.,0.792,2025-12-31 00:00:00,Active,REC00000106
FDBK00000067,completed,Needs more client context.,0.9024,2025-12-31 00:00:00,Active,REC00000107
FDBK00000068,completed,Not suitable for client.,0.9354,2025-12-31 00:00:00,Active,REC00000108
FDBK00000069,rejected,Advisor accepted recommendation.,-0.2211,2025-12-31 00:00:00,Active,REC00000110
FDBK00000070,rejected,Advisor accepted recommendation.,-0.3206,2025-12-31 00:00:00,Active,REC00000111
FDBK00000071,completed,Completed with positive outcome.,1.021,2025-12-31 00:00:00,Active,REC00000113
FDBK00000072,completed,Advisor accepted recommendation.,1.0117,2025-12-31 00:00:00,Active,REC00000114
FDBK00000073,rejected,Completed with positive outcome.,-0.304,2025-12-31 00:00:00,Active,REC00000116
FDBK00000074,rejected,Completed with positive outcome.,-0.2554,2025-12-31 00:00:00,Active,REC00000120
FDBK00000075,accepted,Advisor accepted recommendation.,0.7391,2025-12-31 00:00:00,Active,REC00000122
FDBK00000076,accepted,Advisor accepted recommendation.,0.807,2025-12-31 00:00:00,Active,REC00000123
FDBK00000077,rejected,Needs more client context.,-0.3282,2025-12-31 00:00:00,Active,REC00000124
FDBK00000078,completed,Completed with positive outcome.,0.9002,2025-12-31 00:00:00,Active,REC00000128
FDBK00000079,rejected,Advisor accepted recommendation.,-0.1876,2025-12-31 00:00:00,Active,REC00000129
FDBK00000080,completed,Not suitable for client.,0.9501,2025-12-31 00:00:00,Active,REC00000130
FDBK00000081,accepted,Advisor accepted recommendation.,0.6992,2025-12-31 00:00:00,Active,REC00000135
FDBK00000082,rejected,Not suitable for client.,-0.1966,2025-12-31 00:00:00,Active,REC00000136
FDBK00000083,completed,Not suitable for client.,0.8729,2025-12-31 00:00:00,Active,REC00000137
FDBK00000084,rejected,Not suitable for client.,-0.2184,2025-12-31 00:00:00,Active,REC00000138
FDBK00000085,rejected,Needs more client context.,-0.3149,2025-12-31 00:00:00,Active,REC00000143
FDBK00000086,accepted,Advisor accepted recommendation.,0.7266,2025-12-31 00:00:00,Active,REC00000147
FDBK00000087,rejected,Advisor accepted recommendation.,-0.2448,2025-12-31 00:00:00,Active,REC00000149
FDBK00000088,completed,Not suitable for client.,0.9751,2025-12-31 00:00:00,Active,REC00000151
FDBK00000089,completed,Advisor accepted recommendation.,0.9464,2025-12-31 00:00:00,Active,REC00000153
FDBK00000090,accepted,Needs more client context.,0.7478,2025-12-31 00:00:00,Active,REC00000155
FDBK00000091,completed,Advisor accepted recommendation.,1.0283,2025-12-31 00:00:00,Active,REC00000156
FDBK00000092,accepted,Advisor accepted recommendation.,0.8074,2025-12-31 00:00:00,Active,REC00000158
FDBK00000093,rejected,Completed with positive outcome.,-0.1917,2025-12-31 00:00:00,Active,REC00000159
FDBK00000094,accepted,Completed with positive outcome.,0.7971,2025-12-31 00:00:00,Active,REC00000161
FDBK00000095,completed,Not suitable for client.,0.9468,2025-12-31 00:00:00,Active,REC00000164
FDBK00000096,rejected,Completed with positive outcome.,-0.209,2025-12-31 00:00:00,Active,REC00000165
FDBK00000097,completed,Completed with positive outcome.,0.9209,2025-12-31 00:00:00,Active,REC00000167
FDBK00000098,completed,Not suitable for client.,0.992,2025-12-31 00:00:00,Active,REC00000168
FDBK00000099,rejected,Not suitable for client.,-0.2639,2025-12-31 00:00:00,Active,REC00000170
FDBK00000100,completed,Not suitable for client.,0.9518,2025-12-31 00:00:00,Active,REC00000171
FDBK00000101,accepted,Completed with positive outcome.,0.7471,2025-12-31 00:00:00,Active,REC00000173
FDBK00000102,accepted,Completed with positive outcome.,0.7557,2025-12-31 00:00:00,Active,REC00000175
FDBK00000103,accepted,Advisor accepted recommendation.,0.7115,2025-12-31 00:00:00,Active,REC00000176
FDBK00000104,rejected,Advisor accepted recommendation.,-0.2623,2025-12-31 00:00:00,Active,REC00000177
FDBK00000105,accepted,Advisor accepted recommendation.,0.7891,2025-12-31 00:00:00,Active,REC00000180
FDBK00000106,rejected,Not suitable for client.,-0.2736,2025-12-31 00:00:00,Active,REC00000182
FDBK00000107,rejected,Advisor accepted recommendation.,-0.3072,2025-12-31 00:00:00,Active,REC00000184
FDBK00000108,completed,Needs more client context.,1.0178,2025-12-31 00:00:00,Active,REC00000185
FDBK00000109,accepted,Needs more client context.,0.7509,2025-12-31 00:00:00,Active,REC00000186
FDBK00000110,rejected,Not suitable for client.,-0.272,2025-12-31 00:00:00,Active,REC00000187
FDBK00000111,accepted,Completed with positive outcome.,0.8066,2025-12-31 00:00:00,Active,REC00000189
FDBK00000112,accepted,Completed with positive outcome.,0.7936,2025-12-31 00:00:00,Active,REC00000190
FDBK00000113,completed,Not suitable for client.,0.9152,2025-12-31 00:00:00,Active,REC00000193
FDBK00000114,accepted,Needs more client context.,0.8021,2025-12-31 00:00:00,Active,REC00000199
FDBK00000115,rejected,Needs more client context.,-0.2043,2025-12-31 00:00:00,Active,REC00000200
FDBK00000116,accepted,Advisor accepted recommendation.,0.672,2025-12-31 00:00:00,Active,REC00000201
FDBK00000117,completed,Needs more client context.,0.9834,2025-12-31 00:00:00,Active,REC00000202
FDBK00000118,accepted,Completed with positive outcome.,0.746,2025-12-31 00:00:00,Active,REC00000206
FDBK00000119,accepted,Needs more client context.,0.7657,2025-12-31 00:00:00,Active,REC00000207
FDBK00000120,rejected,Needs more client context.,-0.2365,2025-12-31 00:00:00,Active,REC00000208
FDBK00000121,accepted,Completed with positive outcome.,0.8136,2025-12-31 00:00:00,Active,REC00000211
FDBK00000122,completed,Advisor accepted recommendation.,0.93,2025-12-31 00:00:00,Active,REC00000212
FDBK00000123,rejected,Not suitable for client.,-0.3296,2025-12-31 00:00:00,Active,REC00000213
FDBK00000124,rejected,Advisor accepted recommendation.,-0.1852,2025-12-31 00:00:00,Active,REC00000215
FDBK00000125,accepted,Needs more client context.,0.7268,2025-12-31 00:00:00,Active,REC00000219
FDBK00000126,accepted,Not suitable for client.,0.8017,2025-12-31 00:00:00,Active,REC00000222
FDBK00000127,completed,Not suitable for client.,0.8939,2025-12-31 00:00:00,Active,REC00000224
FDBK00000128,completed,Completed with positive outcome.,0.9577,2025-12-31 00:00:00,Active,REC00000225
FDBK00000129,accepted,Advisor accepted recommendation.,0.7503,2025-12-31 00:00:00,Active,REC00000226
FDBK00000130,accepted,Completed with positive outcome.,0.7009,2025-12-31 00:00:00,Active,REC00000228
FDBK00000131,accepted,Needs more client context.,0.7884,2025-12-31 00:00:00,Active,REC00000230
FDBK00000132,rejected,Not suitable for client.,-0.1763,2025-12-31 00:00:00,Active,REC00000232
FDBK00000133,rejected,Needs more client context.,-0.2007,2025-12-31 00:00:00,Active,REC00000233
FDBK00000134,completed,Completed with positive outcome.,0.9794,2025-12-31 00:00:00,Active,REC00000234
FDBK00000135,rejected,Advisor accepted recommendation.,-0.3005,2025-12-31 00:00:00,Active,REC00000235
FDBK00000136,accepted,Completed with positive outcome.,0.6927,2025-12-31 00:00:00,Active,REC00000236
FDBK00000137,completed,Needs more client context.,0.9773,2025-12-31 00:00:00,Active,REC00000239
FDBK00000138,accepted,Needs more client context.,0.8167,2025-12-31 00:00:00,Active,REC00000241
FDBK00000139,rejected,Advisor accepted recommendation.,-0.3169,2025-12-31 00:00:00,Active,REC00000242
FDBK00000140,rejected,Advisor accepted recommendation.,-0.1814,2025-12-31 00:00:00,Active,REC00000244
FDBK00000141,completed,Not suitable for client.,0.9134,2025-12-31 00:00:00,Active,REC00000247
FDBK00000142,completed,Not suitable for client.,0.8739,2025-12-31 00:00:00,Active,REC00000249
FDBK00000143,completed,Completed with positive outcome.,0.8951,2025-12-31 00:00:00,Active,REC00000252
FDBK00000144,rejected,Not suitable for client.,-0.236,2025-12-31 00:00:00,Active,REC00000253
FDBK00000145,accepted,Not suitable for client.,0.7099,2025-12-31 00:00:00,Active,REC00000254
FDBK00000146,rejected,Completed with positive outcome.,-0.1846,2025-12-31 00:00:00,Active,REC00000255
FDBK00000147,rejected,Completed with positive outcome.,-0.2008,2025-12-31 00:00:00,Active,REC00000256
FDBK00000148,completed,Not suitable for client.,0.9713,2025-12-31 00:00:00,Active,REC00000257
FDBK00000149,completed,Advisor accepted recommendation.,0.9138,2025-12-31 00:00:00,Active,REC00000258
FDBK00000150,rejected,Advisor accepted recommendation.,-0.2979,2025-12-31 00:00:00,Active,REC00000261
FDBK00000151,completed,Not suitable for client.,0.9844,2025-12-31 00:00:00,Active,REC00000263
FDBK00000152,rejected,Not suitable for client.,-0.3033,2025-12-31 00:00:00,Active,REC00000264
FDBK00000153,rejected,Completed with positive outcome.,-0.3205,2025-12-31 00:00:00,Active,REC00000268
FDBK00000154,accepted,Completed with positive outcome.,0.725,2025-12-31 00:00:00,Active,REC00000270
FDBK00000155,completed,Advisor accepted recommendation.,0.8914,2025-12-31 00:00:00,Active,REC00000271
FDBK00000156,rejected,Advisor accepted recommendation.,-0.2796,2025-12-31 00:00:00,Active,REC00000273
FDBK00000157,accepted,Not suitable for client.,0.7115,2025-12-31 00:00:00,Active,REC00000276
FDBK00000158,accepted,Not suitable for client.,0.7634,2025-12-31 00:00:00,Active,REC00000277
FDBK00000159,accepted,Not suitable for client.,0.6865,2025-12-31 00:00:00,Active,REC00000278
FDBK00000160,rejected,Completed with positive outcome.,-0.2619,2025-12-31 00:00:00,Active,REC00000279
FDBK00000161,rejected,Not suitable for client.,-0.1934,2025-12-31 00:00:00,Active,REC00000280
FDBK00000162,rejected,Completed with positive outcome.,-0.262,2025-12-31 00:00:00,Active,REC00000282
FDBK00000163,completed,Completed with positive outcome.,0.9767,2025-12-31 00:00:00,Active,REC00000284
FDBK00000164,accepted,Advisor accepted recommendation.,0.7041,2025-12-31 00:00:00,Active,REC00000285
FDBK00000165,completed,Not suitable for client.,0.8827,2025-12-31 00:00:00,Active,REC00000286
FDBK00000166,rejected,Not suitable for client.,-0.1842,2025-12-31 00:00:00,Active,REC00000287
FDBK00000167,accepted,Needs more client context.,0.6711,2025-12-31 00:00:00,Active,REC00000288
FDBK00000168,completed,Needs more client context.,0.8713,2025-12-31 00:00:00,Active,REC00000289
FDBK00000169,rejected,Not suitable for client.,-0.2272,2025-12-31 00:00:00,Active,REC00000290
FDBK00000170,rejected,Completed with positive outcome.,-0.2054,2025-12-31 00:00:00,Active,REC00000291
FDBK00000171,rejected,Not suitable for client.,-0.2878,2025-12-31 00:00:00,Active,REC00000294
FDBK00000172,rejected,Completed with positive outcome.,-0.2132,2025-12-31 00:00:00,Active,REC00000295
FDBK00000173,completed,Completed with positive outcome.,1.0029,2025-12-31 00:00:00,Active,REC00000298
FDBK00000174,completed,Advisor accepted recommendation.,0.9612,2025-12-31 00:00:00,Active,REC00000303
FDBK00000175,accepted,Advisor accepted recommendation.,0.7827,2025-12-31 00:00:00,Active,REC00000304
FDBK00000176,accepted,Not suitable for client.,0.7029,2025-12-31 00:00:00,Active,REC00000308
FDBK00000177,rejected,Not suitable for client.,-0.3173,2025-12-31 00:00:00,Active,REC00000309
FDBK00000178,accepted,Completed with positive outcome.,0.7173,2025-12-31 00:00:00,Active,REC00000310
FDBK00000179,accepted,Completed with positive outcome.,0.82,2025-12-31 00:00:00,Active,REC00000311
FDBK00000180,completed,Not suitable for client.,0.9378,2025-12-31 00:00:00,Active,REC00000312
FDBK00000181,accepted,Needs more client context.,0.6923,2025-12-31 00:00:00,Active,REC00000313
FDBK00000182,accepted,Completed with positive outcome.,0.8238,2025-12-31 00:00:00,Active,REC00000314
FDBK00000183,accepted,Advisor accepted recommendation.,0.7157,2025-12-31 00:00:00,Active,REC00000316
FDBK00000184,completed,Needs more client context.,0.9483,2025-12-31 00:00:00,Active,REC00000319
FDBK00000185,rejected,Completed with positive outcome.,-0.1909,2025-12-31 00:00:00,Active,REC00000320
FDBK00000186,completed,Needs more client context.,1.0268,2025-12-31 00:00:00,Active,REC00000322
FDBK00000187,accepted,Advisor accepted recommendation.,0.7387,2025-12-31 00:00:00,Active,REC00000326
FDBK00000188,rejected,Completed with positive outcome.,-0.1742,2025-12-31 00:00:00,Active,REC00000327
FDBK00000189,accepted,Completed with positive outcome.,0.8189,2025-12-31 00:00:00,Active,REC00000329
FDBK00000190,rejected,Not suitable for client.,-0.2622,2025-12-31 00:00:00,Active,REC00000330
FDBK00000191,completed,Completed with positive outcome.,0.9506,2025-12-31 00:00:00,Active,REC00000333
FDBK00000192,accepted,Needs more client context.,0.6739,2025-12-31 00:00:00,Active,REC00000334
FDBK00000193,accepted,Completed with positive outcome.,0.6969,2025-12-31 00:00:00,Active,REC00000335
FDBK00000194,rejected,Advisor accepted recommendation.,-0.2231,2025-12-31 00:00:00,Active,REC00000336
FDBK00000195,rejected,Not suitable for client.,-0.1766,2025-12-31 00:00:00,Active,REC00000338
FDBK00000196,accepted,Advisor accepted recommendation.,0.7199,2025-12-31 00:00:00,Active,REC00000339
FDBK00000197,completed,Needs more client context.,0.9023,2025-12-31 00:00:00,Active,REC00000340
FDBK00000198,completed,Not suitable for client.,0.9491,2025-12-31 00:00:00,Active,REC00000341
FDBK00000199,accepted,Advisor accepted recommendation.,0.6902,2025-12-31 00:00:00,Active,REC00000342
FDBK00000200,completed,Not suitable for client.,0.917,2025-12-31 00:00:00,Active,REC00000344
FDBK00000201,completed,Advisor accepted recommendation.,1.0212,2025-12-31 00:00:00,Active,REC00000346
FDBK00000202,accepted,Completed with positive outcome.,0.7418,2025-12-31 00:00:00,Active,REC00000347
FDBK00000203,accepted,Completed with positive outcome.,0.7271,2025-12-31 00:00:00,Active,REC00000349
FDBK00000204,rejected,Completed with positive outcome.,-0.2897,2025-12-31 00:00:00,Active,REC00000351
FDBK00000205,rejected,Not suitable for client.,-0.2563,2025-12-31 00:00:00,Active,REC00000352
FDBK00000206,accepted,Advisor accepted recommendation.,0.7032,2025-12-31 00:00:00,Active,REC00000353
FDBK00000207,completed,Completed with positive outcome.,0.9031,2025-12-31 00:00:00,Active,REC00000355
FDBK00000208,accepted,Advisor accepted recommendation.,0.8011,2025-12-31 00:00:00,Active,REC00000356
FDBK00000209,rejected,Advisor accepted recommendation.,-0.2131,2025-12-31 00:00:00,Active,REC00000357
FDBK00000210,rejected,Advisor accepted recommendation.,-0.2386,2025-12-31 00:00:00,Active,REC00000359
FDBK00000211,completed,Not suitable for client.,0.9415,2025-12-31 00:00:00,Active,REC00000361
FDBK00000212,completed,Needs more client context.,0.9984,2025-12-31 00:00:00,Active,REC00000367
FDBK00000213,accepted,Needs more client context.,0.8218,2025-12-31 00:00:00,Active,REC00000368
FDBK00000214,rejected,Advisor accepted recommendation.,-0.2411,2025-12-31 00:00:00,Active,REC00000371
FDBK00000215,rejected,Needs more client context.,-0.1723,2025-12-31 00:00:00,Active,REC00000372
FDBK00000216,completed,Advisor accepted recommendation.,0.923,2025-12-31 00:00:00,Active,REC00000373
FDBK00000217,rejected,Completed with positive outcome.,-0.1842,2025-12-31 00:00:00,Active,REC00000374
FDBK00000218,completed,Completed with positive outcome.,0.9516,2025-12-31 00:00:00,Active,REC00000375
FDBK00000219,rejected,Completed with positive outcome.,-0.284,2025-12-31 00:00:00,Active,REC00000377
FDBK00000220,rejected,Not suitable for client.,-0.1943,2025-12-31 00:00:00,Active,REC00000378
FDBK00000221,rejected,Advisor accepted recommendation.,-0.3276,2025-12-31 00:00:00,Active,REC00000379
FDBK00000222,rejected,Not suitable for client.,-0.3072,2025-12-31 00:00:00,Active,REC00000380
FDBK00000223,rejected,Completed with positive outcome.,-0.2766,2025-12-31 00:00:00,Active,REC00000381
FDBK00000224,accepted,Advisor accepted recommendation.,0.7116,2025-12-31 00:00:00,Active,REC00000382
FDBK00000225,completed,Completed with positive outcome.,0.8774,2025-12-31 00:00:00,Active,REC00000384
FDBK00000226,rejected,Completed with positive outcome.,-0.2535,2025-12-31 00:00:00,Active,REC00000385
FDBK00000227,completed,Not suitable for client.,0.9816,2025-12-31 00:00:00,Active,REC00000386
FDBK00000228,completed,Advisor accepted recommendation.,0.9747,2025-12-31 00:00:00,Active,REC00000387
FDBK00000229,accepted,Needs more client context.,0.7774,2025-12-31 00:00:00,Active,REC00000390
FDBK00000230,rejected,Completed with positive outcome.,-0.2315,2025-12-31 00:00:00,Active,REC00000391
FDBK00000231,completed,Needs more client context.,0.8823,2025-12-31 00:00:00,Active,REC00000392
FDBK00000232,rejected,Completed with positive outcome.,-0.3203,2025-12-31 00:00:00,Active,REC00000393
FDBK00000233,completed,Not suitable for client.,0.9391,2025-12-31 00:00:00,Active,REC00000394
FDBK00000234,completed,Not suitable for client.,0.9748,2025-12-31 00:00:00,Active,REC00000395
FDBK00000235,rejected,Completed with positive outcome.,-0.2668,2025-12-31 00:00:00,Active,REC00000396
FDBK00000236,completed,Completed with positive outcome.,0.8992,2025-12-31 00:00:00,Active,REC00000397
FDBK00000237,accepted,Completed with positive outcome.,0.8062,2025-12-31 00:00:00,Active,REC00000398
FDBK00000238,accepted,Needs more client context.,0.7285,2025-12-31 00:00:00,Active,REC00000400
FDBK00000239,rejected,Advisor accepted recommendation.,-0.1902,2025-12-31 00:00:00,Active,REC00000401
FDBK00000240,completed,Advisor accepted recommendation.,0.9613,2025-12-31 00:00:00,Active,REC00000402
FDBK00000241,rejected,Not suitable for client.,-0.209,2025-12-31 00:00:00,Active,REC00000405
FDBK00000242,accepted,Advisor accepted recommendation.,0.7954,2025-12-31 00:00:00,Active,REC00000407
FDBK00000243,accepted,Completed with positive outcome.,0.7696,2025-12-31 00:00:00,Active,REC00000408
FDBK00000244,rejected,Not suitable for client.,-0.3204,2025-12-31 00:00:00,Active,REC00000409
FDBK00000245,rejected,Needs more client context.,-0.3115,2025-12-31 00:00:00,Active,REC00000413
FDBK00000246,accepted,Completed with positive outcome.,0.7603,2025-12-31 00:00:00,Active,REC00000414
FDBK00000247,completed,Needs more client context.,0.9725,2025-12-31 00:00:00,Active,REC00000416
FDBK00000248,accepted,Needs more client context.,0.7387,2025-12-31 00:00:00,Active,REC00000417
FDBK00000249,accepted,Needs more client context.,0.8112,2025-12-31 00:00:00,Active,REC00000418
FDBK00000250,rejected,Advisor accepted recommendation.,-0.2091,2025-12-31 00:00:00,Active,REC00000421
FDBK00000251,completed,Advisor accepted recommendation.,0.8888,2025-12-31 00:00:00,Active,REC00000422
FDBK00000252,rejected,Not suitable for client.,-0.1988,2025-12-31 00:00:00,Active,REC00000423
FDBK00000253,completed,Needs more client context.,0.9153,2025-12-31 00:00:00,Active,REC00000424
FDBK00000254,rejected,Needs more client context.,-0.2981,2025-12-31 00:00:00,Active,REC00000425
FDBK00000255,completed,Completed with positive outcome.,0.976,2025-12-31 00:00:00,Active,REC00000427
FDBK00000256,completed,Needs more client context.,0.9752,2025-12-31 00:00:00,Active,REC00000428
FDBK00000257,rejected,Not suitable for client.,-0.2237,2025-12-31 00:00:00,Active,REC00000429
FDBK00000258,accepted,Needs more client context.,0.7342,2025-12-31 00:00:00,Active,REC00000430
FDBK00000259,completed,Completed with positive outcome.,0.9302,2025-12-31 00:00:00,Active,REC00000431
FDBK00000260,completed,Advisor accepted recommendation.,0.9529,2025-12-31 00:00:00,Active,REC00000432
FDBK00000261,accepted,Completed with positive outcome.,0.7725,2025-12-31 00:00:00,Active,REC00000436
FDBK00000262,rejected,Not suitable for client.,-0.2978,2025-12-31 00:00:00,Active,REC00000438
FDBK00000263,accepted,Not suitable for client.,0.7115,2025-12-31 00:00:00,Active,REC00000439
FDBK00000264,completed,Not suitable for client.,0.9199,2025-12-31 00:00:00,Active,REC00000440
FDBK00000265,completed,Advisor accepted recommendation.,0.8875,2025-12-31 00:00:00,Active,REC00000441
FDBK00000266,rejected,Advisor accepted recommendation.,-0.2967,2025-12-31 00:00:00,Active,REC00000442
FDBK00000267,completed,Completed with positive outcome.,0.9146,2025-12-31 00:00:00,Active,REC00000444
FDBK00000268,accepted,Completed with positive outcome.,0.8215,2025-12-31 00:00:00,Active,REC00000447
FDBK00000269,rejected,Not suitable for client.,-0.2185,2025-12-31 00:00:00,Active,REC00000448
FDBK00000270,accepted,Needs more client context.,0.7848,2025-12-31 00:00:00,Active,REC00000450
FDBK00000271,completed,Completed with positive outcome.,0.9132,2025-12-31 00:00:00,Active,REC00000457
FDBK00000272,rejected,Advisor accepted recommendation.,-0.3095,2025-12-31 00:00:00,Active,REC00000459
FDBK00000273,completed,Needs more client context.,1.0,2025-12-31 00:00:00,Active,REC00000461
FDBK00000274,rejected,Completed with positive outcome.,-0.1752,2025-12-31 00:00:00,Active,REC00000465
FDBK00000275,accepted,Completed with positive outcome.,0.7147,2025-12-31 00:00:00,Active,REC00000466
FDBK00000276,accepted,Needs more client context.,0.691,2025-12-31 00:00:00,Active,REC00000469
FDBK00000277,rejected,Advisor accepted recommendation.,-0.2488,2025-12-31 00:00:00,Active,REC00000470
FDBK00000278,rejected,Not suitable for client.,-0.2467,2025-12-31 00:00:00,Active,REC00000472
FDBK00000279,rejected,Not suitable for client.,-0.2814,2025-12-31 00:00:00,Active,REC00000473
FDBK00000280,accepted,Not suitable for client.,0.7494,2025-12-31 00:00:00,Active,REC00000477
FDBK00000281,completed,Not suitable for client.,0.9254,2025-12-31 00:00:00,Active,REC00000478
FDBK00000282,rejected,Advisor accepted recommendation.,-0.2086,2025-12-31 00:00:00,Active,REC00000479
FDBK00000283,completed,Advisor accepted recommendation.,1.0141,2025-12-31 00:00:00,Active,REC00000480
FDBK00000284,rejected,Completed with positive outcome.,-0.3076,2025-12-31 00:00:00,Active,REC00000487
FDBK00000285,completed,Completed with positive outcome.,0.9116,2025-12-31 00:00:00,Active,REC00000488
FDBK00000286,accepted,Not suitable for client.,0.7664,2025-12-31 00:00:00,Active,REC00000489
FDBK00000287,completed,Completed with positive outcome.,1.0247,2025-12-31 00:00:00,Active,REC00000492
FDBK00000288,rejected,Needs more client context.,-0.194,2025-12-31 00:00:00,Active,REC00000493
FDBK00000289,accepted,Advisor accepted recommendation.,0.6936,2025-12-31 00:00:00,Active,REC00000494
FDBK00000290,completed,Completed with positive outcome.,1.0203,2025-12-31 00:00:00,Active,REC00000495
FDBK00000291,completed,Completed with positive outcome.,0.8768,2025-12-31 00:00:00,Active,REC00000497
FDBK00000292,completed,Needs more client context.,0.8728,2025-12-31 00:00:00,Active,REC00000498
FDBK00000293,completed,Completed with positive outcome.,0.8724,2025-12-31 00:00:00,Active,REC00000499
FDBK00000294,accepted,Advisor accepted recommendation.,0.8085,2025-12-31 00:00:00,Active,REC00000502
FDBK00000295,accepted,Advisor accepted recommendation.,0.7639,2025-12-31 00:00:00,Active,REC00000503
FDBK00000296,completed,Needs more client context.,1.01,2025-12-31 00:00:00,Active,REC00000508
FDBK00000297,accepted,Advisor accepted recommendation.,0.8065,2025-12-31 00:00:00,Active,REC00000510
FDBK00000298,accepted,Not suitable for client.,0.712,2025-12-31 00:00:00,Active,REC00000512
FDBK00000299,completed,Not suitable for client.,1.0001,2025-12-31 00:00:00,Active,REC00000513
FDBK00000300,completed,Completed with positive outcome.,0.9325,2025-12-31 00:00:00,Active,REC00000515
FDBK00000301,completed,Not suitable for client.,0.8713,2025-12-31 00:00:00,Active,REC00000517
FDBK00000302,completed,Completed with positive outcome.,0.9087,2025-12-31 00:00:00,Active,REC00000518
